,Headlines,Links
0,"Markets with Santo & CJ | Movers & Shakers today: Adani Green, Adani Total, Britannia, ITC, Varroc",https://www.moneycontrol.com/news/business/markets/markets-live-with-santo-and-cj-as-duo-check-out-movers-and-shakers-adani-green-adani-total-britannia-itc-varroc-8455221.html
1,"Britannia Standalone March 2022 Net Sales at Rs 3,336.45 crore, up 13% Y-o-Y",https://www.moneycontrol.com/news/business/earnings/britannia-standalone-march-2022-net-sales-at-rs-3336-45-crore-up-13-y-o-y-8449721.html
2,"Britannia Consolidated March 2022 Net Sales at Rs 3,550.45 crore, up 13.41% Y-o-Y",https://www.moneycontrol.com/news/business/earnings/britannia-consolidated-march-2022-net-sales-at-rs-3550-45-crore-up-13-41-y-o-y-8449461.html
3,Britannia Q4 PAT seen up 6.2% YoY to Rs 381.9 cr: Motilal Oswal,https://www.moneycontrol.com/news/business/britannia-q4-pat-seen-up-6-2-yoy-to-rs-381-9-cr-motilal-oswal-8330871.html
4,Britannia aims 50% women in workforce by 2024,https://www.moneycontrol.com/news/business/britannia-aims-50-women-in-workforce-by-2024-8243751.html
5,Britannia to increase women workforce in Assam plant to 65%,https://www.moneycontrol.com/news/business/britannia-to-increase-women-workforce-in-assam-plant-to-65-8206351.html
6,FMCG companies indicate more product price increases ahead,https://www.moneycontrol.com/news/business/companies/fmcg-companies-indicate-more-product-price-increases-ahead-8066721.html
7,"Britannia Consolidated December 2021 Net Sales at Rs 3,574.98 crore, up 12.93% Y-o-Y",https://www.moneycontrol.com/news/business/earnings/britannia-consolidated-december-2021-net-sales-at-rs-3574-98-crore-up-12-93-y-o-y-8015691.html
8,"Britannia Standalone December 2021 Net Sales at Rs 3,373.70 crore, up 13.26% Y-o-Y",https://www.moneycontrol.com/news/business/earnings/britannia-standalone-december-2021-net-sales-at-rs-3373-70-crore-up-13-26-y-o-y-8013941.html
9,Britannia: In-line performance; gain in market share continues,https://www.moneycontrol.com/news/business/moneycontrol-research/britannia-in-line-performance-gain-in-market-share-continues-8012781.html
10,Lenovo’s Amit Doshi joins Britannia as chief marketing officer,https://www.moneycontrol.com/news/business/lenovos-amit-doshi-joins-britannia-as-chief-marketing-officer-7938481.html
11,Mrs Bectors Food Specialities: Can it beat the industry?,https://www.moneycontrol.com/news/business/stocks/mrs-bectors-food-specialities-well-poised-to-outperform-industry-7843461.html
12,"Britannia: Tepid volume, inflationary input costs mar the show",https://www.moneycontrol.com/news/business/earnings/britannia-tepid-volume-inflationary-input-costs-mar-the-show-7699771.html
13,"Britannia Standalone September 2021 Net Sales at Rs 3,425.30 crore, up 6.13% Y-o-Y",https://www.moneycontrol.com/news/business/earnings/britannia-standalone-september-2021-net-sales-at-rs-3425-30-crore-up-6-13-y-o-y-7691901.html
14,"Britannia Consolidated September 2021 Net Sales at Rs 3,607.37 crore, up 5.51% Y-o-Y",https://www.moneycontrol.com/news/business/earnings/britannia-consolidated-september-2021-net-sales-at-rs-3607-37-crore-up-5-51-y-o-y-7692011.html
15,Britannia Q2 PAT may dip 13.9% YoY to Rs 426.7 cr: Motilal Oswal,https://www.moneycontrol.com/news/business/britannia-q2-pat-may-dip-13-9-yoy-to-rs-426-7-cr-motilal-oswal-7569851.html
16,Britannia collaborates with Accenture to accelerate its digital transformation,https://www.moneycontrol.com/news/business/britannia-collaborates-with-accenture-to-accelerate-its-digital-transformation-7522601.html
17,"Amul, Britannia only Indian firms on top 100 most valuable food brands list",https://www.moneycontrol.com/news/trends/amul-britannia-only-two-indian-companies-among-top-100-most-valuable-global-food-brands-7376381.html
18,"Britannia Consolidated June 2021 Net Sales at Rs 3,403.46 crore, down 0.5% Y-o-Y",https://www.moneycontrol.com/news/business/earnings/britannia-consolidated-june-2021-net-sales-at-rs-3403-46-crore-down-0-5-y-o-y-7268091.html
19,"Britannia Industries: Higher cost focus, judicious price increase to support earnings",https://www.moneycontrol.com/news/business/earnings/britannia-industries-higher-cost-focus-judicious-price-increase-to-support-earnings-7266051.html
20,"Britannia Standalone June 2021 Net Sales at Rs 3,236.17 crore, up 0.51% Y-o-Y",https://www.moneycontrol.com/news/business/earnings/britannia-standalone-june-2021-net-sales-at-rs-3236-17-crore-up-0-51-y-o-y-7265541.html
21,"Bajar Gupshup | Markets bounce back aided by metal, power, IT & realty stocks",https://www.moneycontrol.com/news/business/markets/bajar-gupshup-markets-bounce-back-aided-by-metal-power-it-realty-stocks-7208891.html
22,Britannia Q1 PAT may dip 25.5% YoY to Rs. 405 cr: Arihant Capital,https://www.moneycontrol.com/news/business/earnings/britannia-q1-pat-may-dip-25-5-yoy-to-rs-405-cr-arihant-capital-7165131.html
23,"Britannia extends support to 10,000 frontline staff",https://www.moneycontrol.com/news/business/companies/britannia-extends-support-to-10000-frontline-staff-7065821.html
24,"Britannia Consolidated March 2021 Net Sales at Rs 3,130.75 crore, up 9.17% Y-o-Y",https://www.moneycontrol.com/news/business/earnings/britannia-consolidated-march-2021-net-sales-at-rs-3130-75-crore-up-9-17-y-o-y-6829951.html
25,"Britannia Standalone March 2021 Net Sales at Rs 2,952.64 crore, up 9.68% Y-o-Y",https://www.moneycontrol.com/news/business/earnings/britannia-standalone-march-2021-net-sales-at-rs-2952-64-crore-up-9-68-y-o-y-6829281.html
26,Nifty earnings so far this week,https://www.moneycontrol.com/news/business/earnings/nifty-earnings-so-far-this-week-6825921.html
27,25% of Nifty heavyweights report quarterly earnings this week,https://www.moneycontrol.com/news/business/companies/25-of-nifty-heavyweights-report-quarterly-earnings-this-week-6822741.html
28,Ideas For Profit | How will COVID-19 and consumer sentiment impact FMCG stocks in FY22?,https://www.moneycontrol.com/news/business/technicals/ideas-for-profit-how-will-covid-19-and-consumer-sentiment-impact-fmcg-stocks-in-fy22-6773891.html
29,How will COVID-19 and consumer sentiment impact FMCG stocks in FY22?,https://www.moneycontrol.com/news/business/earnings/how-will-covid-19-and-consumer-sentiment-impact-fmcg-stocks-in-fy22-6770581.html
30,Buy Britannia; target of Rs 4575: Motilal Oswal,https://www.moneycontrol.com/news/business/stocks/buy-britannia-target-of-rs-4575-motilal-oswal-6740911.html
31,Britannia appoints former RBI Governor Urjit Patel as additional director,https://www.moneycontrol.com/news/business/britannia-appoints-former-rbi-governor-urjit-patel-as-additional-director-6716551.html
32,"Oreo-maker takes Parle to court, alleges ‘deceptively similar’ biscuit: Report",https://www.moneycontrol.com/news/business/oreo-maker-takes-parle-to-court-alleges-deceptively-similar-biscuit-report-6596611.html
33,Buy Britannia; target of Rs 4120: Motilal Oswal,https://www.moneycontrol.com/news/business/stocks/buy-britannia-target-of-rs-4120-motilal-oswal-6567021.html
34,"Britannia Consolidated December 2020 Net Sales at Rs 3,165.61 crore, up 6.13% Y-o-Y",https://www.moneycontrol.com/news/business/earnings/britannia-consolidated-december-2020-net-sales-at-rs-3165-61-crore-up-6-13-y-o-y-6475301.html
35,"Britannia Standalone December 2020 Net Sales at Rs 2,978.74 crore, up 5.66% Y-o-Y",https://www.moneycontrol.com/news/business/earnings/britannia-standalone-december-2020-net-sales-at-rs-2978-74-crore-up-5-66-y-o-y-6473881.html
36,Britannia — Look beyond near-term haze,https://www.moneycontrol.com/news/business/moneycontrol-research/britannia-look-beyond-near-term-haze-5991351.html
37,"Britannia Standalone September 2020 Net Sales at Rs 3,227.57 crore, up 11.45% Y-o-Y",https://www.moneycontrol.com/news/business/earnings/britannia-standalone-september-2020-net-sales-at-rs-3227-57-crore-up-11-45-y-o-y-5985921.html
38,"Britannia Consolidated September 2020 Net Sales at Rs 3,419.11 crore, up 12.14% Y-o-Y",https://www.moneycontrol.com/news/business/earnings/britannia-consolidated-september-2020-net-sales-at-rs-3419-11-crore-up-12-14-y-o-y-5985971.html
39,Weekly tactical pick — Bombay Burmah: An interesting short-term play,https://www.moneycontrol.com/news/business/moneycontrol-research/weekly-tactical-pick-bombay-burmah-an-interesting-short-term-play-5854561.html
40,This is Britannia's secret for growth during the lockdown,https://www.moneycontrol.com/news/business/this-is-britannias-secret-for-growth-during-the-lockdown-5804011.html
41,"With Good Day, Britannia continues decades-long good run in premium cookie market",https://www.moneycontrol.com/news/business/with-good-day-britannia-continues-decades-long-good-run-in-premium-cookie-market-5780961.html
42,Meet the 'Gabbar' of premium cookies,https://www.moneycontrol.com/news/business/meet-the-gabbar-of-premium-cookies-5773931.html
43,Patanjali races past Horlicks in milk biscuits segment,https://www.moneycontrol.com/news/business/patanjali-dunks-horlicks-races-ahead-in-milk-biscuit-segment-5755181.html
44,These are the highest-paid FMCG CEOs in India,https://www.moneycontrol.com/news/eye-on-india/videos/these-are-the-highest-paid-fmcg-ceos-in-india-5696761.html
45,FMCG Q1 Review: The quarter of health and hygiene products,https://www.moneycontrol.com/news/business/companies/fmcg-q1-review-the-quarter-of-health-and-hygiene-products-5691431.html
46,Britannia Q1 PAT seen up 50.9% YoY to Rs. 380 cr: HDFC Securities,https://www.moneycontrol.com/news/business/earnings/britannia-q1-pat-seen-up-50-9-yoy-to-rs-380-cr-hdfc-securities-5605601.html
47,"Britannia Standalone June 2020 Net Sales at Rs 3,219.88 crore, up 24.83% Y-o-Y",https://www.moneycontrol.com/news/business/earnings/britannia-standalone-june-2020-net-sales-at-rs-3219-88-crore-up-24-83-y-o-y-5569291.html
48,"Britannia Consolidated June 2020 Net Sales at Rs 3,420.67 crore, up 26.68% Y-o-Y",https://www.moneycontrol.com/news/business/earnings/britannia-consolidated-june-2020-net-sales-at-rs-3420-67-crore-up-26-68-y-o-y-5569491.html
49,In Pics | Most popular brands in India: Take a look,https://www.moneycontrol.com/news/photos/business/in-pics-most-popular-brands-in-india-take-a-look-5535261.html
50,Britannia Industries resumes 100% production: Report,https://www.moneycontrol.com/news/business/britannia-industries-resumes-100-production-report-5364871.html
51,Wadia Group denies reports of divesting Britannia stake,https://www.moneycontrol.com/news/business/companies/wadia-group-denies-reports-of-divesting-britannia-stake-5364971.html
52,Britannia: Advantage Supply Chain,https://www.moneycontrol.com/news/business/moneycontrol-research/britannia-advantage-supply-chain-5357051.html
53,"Britannia Standalone March 2020 Net Sales at Rs 2,691.94 crore, up 0.89% Y-o-Y",https://www.moneycontrol.com/news/business/earnings/britannia-standalone-march-2020-net-sales-at-rs-2691-94-crore-up-0-89-y-o-y-5352251.html
54,"Britannia Consolidated March 2020 Net Sales at Rs 2,867.70 crore, up 2.46% Y-o-Y",https://www.moneycontrol.com/news/business/earnings/britannia-consolidated-march-2020-net-sales-at-rs-2867-70-crore-up-2-46-y-o-y-5352331.html
55,"Coronavirus impact | HUL, Britannia factories see drop in output, capacity utilisation: Reports",https://www.moneycontrol.com/news/business/coronavirus-impact-hul-britannia-factories-see-drop-in-output-capacity-utilisation-reports-5131781.html
56,Britannia partners with Dunzo on home delivery of food essentials,https://www.moneycontrol.com/news/india/britannia-partners-with-dunzo-on-home-delivery-of-food-essentials-5115611.html
57,Tactical pick: Britannia,https://www.moneycontrol.com/news/business/moneycontrol-research/tactical-pick-britannia-5077981.html
58,"Britannia: Dull performance hits share price, is there an opportunity here?",https://www.moneycontrol.com/news/business/moneycontrol-research/britannia-dull-performance-hits-share-price-is-there-an-opportunity-here-4934831.html
59,Britannia beats street estimates; highlights from conference call,https://www.moneycontrol.com/news/business/earnings/britannia-beats-street-estimates-highlights-from-conference-call-4931891.html
60,Britannia Industries share price falls after Macquarie maintains underperform view,https://www.moneycontrol.com/news/business/markets/britannia-industries-share-price-falls-after-macquarie-maintains-underperform-view-4748111.html
61,"Britannia Consolidated September 2019 Net Sales at Rs 3,048.84 crore, up 6.25% Y-o-Y",https://www.moneycontrol.com/news/business/earnings/britannia-consolidated-september-2019-net-sales-at-rs-3048-84-crore-up-6-25-y-o-y-4633221.html
62,Britannia share price jumps 5% on robust Q2 results; Citi maintains buy,https://www.moneycontrol.com/news/business/markets/britannia-share-price-jumps-5-on-robust-q2-results-citi-maintains-buy-4633001.html
63,Dabur Q2: Volume growth ex-beverages ahead of sector; Improving reach key positive,https://www.moneycontrol.com/news/business/moneycontrol-research/dabur-q2-volume-growth-ex-beverages-ahead-of-sector-improving-reach-key-positive-4607861.html
64,Can ITC’s improving non-cigarettes business improve its valuations?,https://www.moneycontrol.com/news/business/moneycontrol-research/can-itcs-improving-non-cigarettes-business-improve-its-valuations-4573771.html
65,"Cautious on capital investments, see revival in 6 months: Britannia's Varun Berry",https://www.moneycontrol.com/news/business/companies/cautious-on-capital-investments-see-revival-in-6-months-britannias-varun-berry-4387151.html
66,Slowdown in sale of biscuits and cookies: A blip in rural consumption or premiumisation of eatables?,https://www.moneycontrol.com/news/business/slowdown-in-sale-of-biscuits-and-cookies-a-blip-in-rural-consumption-or-premiumisation-of-eatables-4368431.html
67,Britannia to increase prices 'marginally' to beat slowdown,https://www.moneycontrol.com/news/business/companies/britannia-to-increase-prices-marginally-to-beat-slowdown-4362691.html
68,Diamonds in the Dust | Transition to a ‘global total foods company’ to support valuations,https://www.moneycontrol.com/news/business/moneycontrol-research/diamonds-in-the-dust-transition-to-a-global-total-foods-company-to-support-valuations-4359821.html
69,"Ideas for Profit: Britannia's sales growth hugs the slow lane, market share gains offer solace",https://www.moneycontrol.com/news/business/moneycontrol-research/ideas-for-profit-britannias-sales-growth-hugs-the-slow-lane-market-share-gains-offer-solace-4328311.html
70,Britannia planning new manufacturing units overseas,https://www.moneycontrol.com/news/business/companies/britannia-planning-new-manufacturing-units-overseas-4317091.html
71,"Britannia Consolidated June 2019 Net Sales at Rs 2,700.35 crore, up 6.15% Y-o-Y",https://www.moneycontrol.com/news/business/earnings/britannia-consolidated-june-2019-net-sales-at-rs-2700-35-crore-up-6-15-y-o-y-4314451.html
72,"Britannia Standalone June 2019 Net Sales at Rs 2,579.46 crore, up 7.18% Y-o-Y",https://www.moneycontrol.com/news/business/earnings/britannia-standalone-june-2019-net-sales-at-rs-2579-46-crore-up-7-18-y-o-y-4314431.html
73,NCLT approves Britannia's Rs 720cr bonus debenture issue,https://www.moneycontrol.com/news/business/companies/nclt-approves-britannias-rs-720cr-bonus-debenture-issue-4299261.html
74,"Amul locks horns with Britannia, Parle and ITC over ‘real butter’ cookies",https://www.moneycontrol.com/news/business/amul-locks-horns-with-britannia-parle-and-itc-over-real-butter-cookies-4236361.html
75,We give 3 out of 5 to Nirmala Sitharaman’s maiden Budget: Jayant Manglik,https://www.moneycontrol.com/news/business/markets/nirmala-sitharamans-maiden-budget-decent-rating-4175871.html
76,Ideas for Profit | Distribution momentum and new launches to aid double-digit volume growth at Britannia,https://www.moneycontrol.com/news/business/moneycontrol-research/ideas-for-profit-distribution-momentum-and-new-launches-to-aid-double-digit-volume-growth-at-britannia-3932771.html
77,This week in FMCG: Companies concerned over slowdown in consumption going ahead,https://www.moneycontrol.com/news/business/companies/this-week-in-fmcg-companies-concerned-over-slowdown-in-consumption-going-ahead-3931441.html
78,"Britannia Consolidated March 2019 Net Sales at Rs 2,798.96 crore, up 10.3% Y-o-Y",https://www.moneycontrol.com/news/business/earnings/britannia-consolidated-march-2019-net-sales-at-rs-2798-96-crore-up-10-3-y-o-y-3920731.html
79,"Britannia Standalone March 2019 Net Sales at Rs 2,668.10 crore, up 11.71% Y-o-Y",https://www.moneycontrol.com/news/business/earnings/britannia-standalone-march-2019-net-sales-at-rs-2668-10-crore-up-11-71-y-o-y-3920681.html
80,Britannia Industries: Steady execution in Q4 but recent demand moderation needs a close watch,https://www.moneycontrol.com/news/business/moneycontrol-research/britannia-industries-steady-execution-in-q4-but-recent-demand-moderation-needs-a-close-watch-3919781.html
81,"Britannia Consolidated December 2018 Net Sales at Rs 2,842.44 crore, up 10.71% Y-o-Y",https://www.moneycontrol.com/news/business/earnings/britannia-consolidated-december-2018-net-sales-at-rs-2842-44-crore-up-10-71-y-o-y-3502201.html
82,"Britannia Standalone December 2018 Net Sales at Rs 2,703.19 crore, up 12.12% Y-o-Y",https://www.moneycontrol.com/news/business/earnings/britannia-standalone-december-2018-net-sales-at-rs-2703-19-crore-up-12-12-y-o-y-3502121.html
83,First Cut | Britannia Q3 FY19: Steady execution but recent demand slump a concern,https://www.moneycontrol.com/news/business/moneycontrol-research/first-cut-britannia-q3-fy19-steady-execution-but-recent-demand-slump-a-concern-3500531.html
84,"Market could rally 12-15% in a year; positive on IT, pharma & consumer space: Sharekhan",https://www.moneycontrol.com/news/business/markets/market-could-rally-12-15-in-a-year-positive-on-it-pharma-consumer-space-sharekhan-3223191.html
85,"Britannia Q2 review: Portfolio expansion, distribution reach to aid earnings, Accumulate",https://www.moneycontrol.com/news/business/earnings/britannia-q2-review-portfolio-expansion-distribution-reach-to-aid-earnings-accumulate-3167441.html
86,"Britannia Standalone September 2018 Net Sales at Rs 2,704.62 crore, up 13.38% Q-o-Q",https://www.moneycontrol.com/news/business/earnings/britannia-standalone-september-2018-net-sales-at-rs-2704-62-crore-up-13-38-q-o-q-2-3156671.html
87,"Britannia Consolidated September 2018 Net Sales at Rs 2,869.59 crore, Up 12.74% Q-o-Q.",https://www.moneycontrol.com/news/business/earnings/britannia-consolidated-september-2018-net-sales-at-rs-2869-59-crore-up-12-74-q-o-q-2-3155251.html
88,"Britannia Standalone September 2018 Net Sales at Rs 2,704.62 crore, up 13.38% Q-o-Q",https://www.moneycontrol.com/news/business/earnings/britannia-standalone-september-2018-net-sales-at-rs-2704-62-crore-up-13-38-q-o-q-3151851.html
89,"Britannia Consolidated September 2018 Net Sales at Rs 2,869.59 crore, Up 12.74% Q-o-Q.",https://www.moneycontrol.com/news/business/earnings/britannia-consolidated-september-2018-net-sales-at-rs-2869-59-crore-up-12-74-q-o-q-3151631.html
90,Britannia Q2 jumps 16% YoY to Rs 303 crore; reports good operational performance,https://www.moneycontrol.com/news/business/earnings/britannia-q2-jumps-16-yoy-to-rs-303-crore-reports-good-operational-performance-3150841.html
91,Britannia to report Q2 earnings today; here’s what to watch out for,https://www.moneycontrol.com/news/business/earnings/britannia-to-report-q2-earnings-today-heres-what-to-watch-out-for-3146391.html
92,Risk reward turns favourable in these 3 FMCG stocks; should you buy?,https://www.moneycontrol.com/news/business/moneycontrol-research/risk-reward-turns-favourable-in-these-3-fmcg-stocks-should-you-buy-3062751.html
93,Britannia Q2 PAT seen up 12.5% YoY to Rs. 290 cr: HDFC Securities,https://www.moneycontrol.com/news/business/earnings/britannia-q2-pat-seen-up-12-5-yoy-to-rs-290-cr-hdfc-securities-3055411.html
94,"Britannia results: Portfolio expansion to accelerate, competition as well",https://www.moneycontrol.com/news/business/moneycontrol-research/britannia-results-portfolio-expansion-to-accelerate-competition-too-2821651.html
95,"Britannia consolidated Jun-2018 sales at Rs 2,543.83 crore",https://www.moneycontrol.com/news/business/earnings/britannia-consolidated-jun-2018-sales-at-rs-2543-83-crore-2810631.html
96,Buy Britannia; target of Rs 7300: Motilal Oswal,https://www.moneycontrol.com/news/business/stocks/buy-britannia-target-of-rs-7300-motilal-oswal-2771111.html
97,Britannia Q1 PAT seen up 23.8% YoY to Rs. 270 cr: HDFC,https://www.moneycontrol.com/news/business/earnings/britannia-q1-pat-seen-up-23-8-yoy-to-rs-270-cr-hdfc-2736311.html
98,Britannia Q4: Valuations factor in near-term earnings growth,https://www.moneycontrol.com/news/business/britannia-q4-valuations-factor-in-near-term-earnings-growth-2570997.html
99,Britannia Q4 PAT seen up 17.2% YoY to Rs. 247 cr: HDFC Securities,https://www.moneycontrol.com/news/business/earnings/britannia-q4-pat-seen-up-17-2-yoy-to-rs-247-cr-hdfc-securities-2551629.html
100,"Pick up in volume growth to persist in Q4, rural recovery key for FMCG pack",https://www.moneycontrol.com/news/business/pick-up-in-volume-growth-to-persist-in-q4-rural-recovery-key-for-fmcg-pack-2546509.html
101,Top buy & sell ideas by Mitessh Thakkar & Prakash Gaba for February 6,https://www.moneycontrol.com/news/business/top-buy-sell-ideas-by-mitessh-thakkar-prakash-gaba-for-february-6-2500527.html
102,"Top buy & sell ideas by Ashwani Gujral, Mitessh Thakkar & Prakash Gaba for January 9",https://www.moneycontrol.com/news/business/top-buy-sell-ideas-by-ashwani-gujral-mitessh-thakkar-prakash-gaba-for-january-9-2478199.html
103,"Seeing double digit growth in rural areas, says Varun Berry of Britannia",https://www.moneycontrol.com/news/business/seeing-double-digit-growth-in-rural-areas-says-varun-berry-of-britannia-2439333.html
104,Bank of America initiates coverage on Britannia with buy; target implies 16% upside,https://www.moneycontrol.com/news/business/stocks/bank-of-america-initiates-coverage-on-britannia-with-buy-target-implies-16-upside-2434765.html
105,"Jubilant Food, Britannia, ADF Food, Heritage Food to get astrological support: Gupta",https://www.moneycontrol.com/news/business/jubilant-food-britannia-adf-food-heritage-food-to-get-astrological-support-gupta-2372869.html
106,Britannia eyes 50% market share in premium cream biscuits in 2 years,https://www.moneycontrol.com/news/business/britannia-eyes-50-market-share-in-premium-cream-biscuits-in-2-years-2368177.html
107,Britannia aims to increase distribution footprint post-GST,https://www.moneycontrol.com/news/business/britannia-aims-to-increase-distribution-footprint-post-gst-2359187.html
108,Uflex Develops Speciality Polymeric Film to Replace Bi-axially Oriented Polyamide (Nylon) Film,https://www.moneycontrol.com/news/business/wire-news/uflex-develops-speciality-polymeric-film-to-replace-bi-axially-oriented-polyamide-(nylon)-film-2344153.html
109,Buy Britannia; target of Rs 4450: Motilal Oswal,https://www.moneycontrol.com/news/business/stocks/buy-britannia-target-of-rs-4450-motilal-oswal-2333907.html
110,"Stocks in the news: ITC, Sun Pharma, Infosys, Cipla, Lypsa Gems, Nalco",https://www.moneycontrol.com/news/business/stocks/stocks-in-news-itc-sun-pharma-infosys-cipla-lypsa-gems-nalco-2289461.html
111,Uflex Value-engineers Different Variants of Extrusion Lamination Machine,https://www.moneycontrol.com/news/business/wire-news/uflex-value-engineers-different-variantsextrusion-lamination-machine-2345591.html
112,Not just Sensex but 47 stocks hit lifetime high on BSE; 150 stocks rose to 52-week high,https://www.moneycontrol.com/news/business/markets/not-just-sensex-but-47-stocks-hit-lifetime-high-on-bse-150-stocks-rose-to-52-week-high-2275265.html
113,Britannia Q4 PAT seen up 19.4% to Rs 227.29 cr: KR Choksey,https://www.moneycontrol.com/news/business/britannia-q4-pat-seen-up-19-4-to-rs-227-29-cr-kr-choksey-2261295.html
114,Over a dozen stocks which could turn multibaggers in next 2-3 years:  MOSL,https://www.moneycontrol.com/news/business/markets/over-a-dozen-stocks-which-could-turn-multibaggers-in-next-2-3-years-mosl-2251225.html
115,Nifty back @9K: As demonetisation & GST grab eyeballs; check out 15 top ideas,https://www.moneycontrol.com/news/business/markets/nifty-back-9k-as-demonetisation-check-out-15-top-ideas-2249729.html
116,Uflex Transforms Tortilla Chips` Packaging for America`s Healthiest Grocery Store,https://www.moneycontrol.com/news/business/wire-news/uflex-transforms-tortilla-chips`-packaging-for-america`s-healthiest-grocery-store-940325.html
117,New Quad Seal Registered Gusset Pouch by Uflex is Ruling the Roost on International Retail Shelves,https://www.moneycontrol.com/news/business/wire-news/new-quad-seal-registered-gusset-pouch-by-uflex-is-rulingroostinternational-retail-shelves-954865.html
118,Uflex Engineersthinnest PET ALOxspeciality Film,https://www.moneycontrol.com/news/business/wire-news/uflex-engineersthinnest-pet-aloxspeciality-film-957409.html
119,Six in Sixty: Stocks you should keep on your radar,https://www.moneycontrol.com/news/business/stocks/sixsixty-stocks-you-should-keepyour-radar-974602.html
120,"Sensex, Nifty volatile; Jubilant Foodworks, Britannia fall",https://www.moneycontrol.com/news/business/markets/sensex-nifty-volatile-jubilant-foodworks-britannia-fall-996509.html
121,CCI rejects complaint against Britannia Industries,https://www.moneycontrol.com/news/business/companies/cci-rejects-complaint-against-britannia-industries-1025321.html
122,And the Power Brand Rising Star Award 2016 goes to `Flexible Packaging Major Uflex`,https://www.moneycontrol.com/news/business/wire-news/andpower-brand-rising-star-award-2016-goes-to-`flexible-packaging-major-uflex`-1028352.html
123,And the Power Brand Rising Star Award 2016 goes to `Flexible Packaging Major Uflex`,https://www.moneycontrol.com/news/business/wire-news/andpower-brand-rising-star-award-2016-goes-to-`flexible-packaging-major-uflex`-1028364.html
124,And the Power Brand Rising Star Award 2016 goes to `Flexible Packaging Major Uflex`,https://www.moneycontrol.com/news/business/wire-news/andpower-brand-rising-star-award-2016-goes-to-`flexible-packaging-major-uflex`-1028365.html
125,Buy Britannia; target of Rs 3200: Prabhudas Lilladher,https://www.moneycontrol.com/news/business/stocks/buy-britannia-targetrs-3200-prabhudas-lilladher-1040554.html
126,Uflex Limited`s Consolidated Net Profit for Q3 FY 2015-16 Soars Up by 38% Year-on-Year,https://www.moneycontrol.com/news/business/wire-news/uflex-limited`s-consolidated-net-profit-for-q3-fy-2015-16-soars-up-by-38-year-on-year-1044755.html
127,HUL launches next stage of 'help a child reach 5',https://www.moneycontrol.com/news/trends/features/hul-launches-next-stagehelpchild-reach-5-1422581.html
128,15 quality stocks for Samvat 2072: AB Money,https://www.moneycontrol.com/news/business/stocks/15-quality-stocks-for-samvat-2072-ab-money-1437435.html
129,Accumulate Britannia; target of Rs 3233:Prabhudas Lilladher,https://www.moneycontrol.com/news/business/stocks/accumulate-britannia-targetrs-3233prabhudas-lilladher-1438289.html
130,Uflex Conferred with the Export Award for Metalized Polyester Film by `The Plastics Export Promotion Council`,https://www.moneycontrol.com/news/business/wire-news/uflex-conferredthe-export-award-for-metalized-polyester-film-by-`the-plastics-export-promotion-council`-1497811.html
131,"Revenue on mind, Parle bets on premium biscuits",https://www.moneycontrol.com/news/business/companies/revenuemind-parle-betspremium-biscuits-1488929.html
132,FMCG - Elephant trails moving towards Urban paths: Emkay,https://www.moneycontrol.com/news/business/stocks/fmcg-elephant-trails-moving-towards-urban-paths-emkay-1381057.html
133,"Britannia standalone Dec '13 sales at Rs 1,628.03 crore",https://www.moneycontrol.com/news/business/earnings/-1161719.html
134,4 stocks may give you around 19% returns in 2014: Religare,https://www.moneycontrol.com/news/business/stocks/4-stocks-may-give-you-around-19-returns2014-religare-1365907.html
135,"Prefer HCL Tech, TCS, Tata Steel, UPL, Dabur: Joshi",https://www.moneycontrol.com/news/business/stocks/prefer-hcl-tech-tcs-tata-steel-upl-dabur-joshi-1368559.html
136,"2014: Angel Broking's best bets from FMCG, metal, pharma",https://www.moneycontrol.com/news/business/markets/2014-angel-brokings-best-betsfmcg-metal-pharma-1368019.html
137,Buy Britannia Industries; target Rs 966: Firstcall Research,https://www.moneycontrol.com/news/business/stocks/buy-britannia-industries-target-rs-966-firstcall-research-1387549.html
138,"Capital goods expensive now, rally on poll hopes: Experts",https://www.moneycontrol.com/news/business/stocks/capital-goods-expensive-now-rallypoll-hopes-experts-1548719.html
139,"Rural push won't lift FMCG much; buy ITC, HUL: StanChart",https://www.moneycontrol.com/news/business/markets/rural-push-wont-lift-fmcg-much-buy-itc-hul-stanchart-1550371.html
140,Here's why brokerages are bullish on Britannia,https://www.moneycontrol.com/news/business/markets/heresbrokeragesbullishbritannia-1579063.html
141,"Nifty hovers around 6100; Tata Motors weak, Britannia up 7%",https://www.moneycontrol.com/news/business/markets/nifty-hovers-around-6100-tata-motors-weak-britannia7-1597629.html
142,Onion prices sting RBI ahead of Rajan's first policy review,https://www.moneycontrol.com/news/business/economy/-1684837.html
143,Britannia jumps 4% on property sale buzz,https://www.moneycontrol.com/news/business/stocks/-1599295.html
144,Britannia facing challenge of rising employee attrition,https://www.moneycontrol.com/news/business/cnbc-tv18-comments/-1668981.html
145,"Stocks in news: TCS, Raymond, Hanung, Ranbaxy, Jet, Magma",https://www.moneycontrol.com/news/business/stocks/-1692831.html
146,Oreo bakes new ways to retain top spot in Indian cookie mkt,https://www.moneycontrol.com/news/business/cnbc-tv18-comments/-1822701.html
147,How FMCG pack looks after Q4 earnings: Nomura analyses,https://www.moneycontrol.com/news/business/markets/-1782505.html
148,Britannia restructures operations to boost growth,https://www.moneycontrol.com/news/business/companies/-1786869.html
149,Britannia has strong resistance around Rs 680: SP Tulsian,https://www.moneycontrol.com/news/business/stocks/-1796293.html
150,"Evening wrap: Sensex today, Coal India nos & other headline",https://www.moneycontrol.com/news/business/companies/-1797559.html
151,FMCG remains a safe haven despite slower growth: PLilladher,https://www.moneycontrol.com/news/business/stocks/-1814353.html
152,Ultima Forever: Quest of the Avatar coming to iOS &#039;soon&#039;,https://www.moneycontrol.com/news/technology/-1363335.html
153,Britannia aggressively investing behind its brands,https://www.moneycontrol.com/news/business/companies/-1386325.html
154,"Britannia standalone Dec '12 sales at Rs 1,467.58 crore",https://www.moneycontrol.com/news/business/earnings/-1398889.html
155,"FMCG players see strong Q3 on price hikes, festival demand",https://www.moneycontrol.com/news/business/earnings/-1675395.html
156,"Britannia sees rising input cost, double digit growth: CEO",https://www.moneycontrol.com/news/business/companies/-1811249.html
157,FMCG companies bogged down by inflation,https://www.moneycontrol.com/news/business/stocks/-1687819.html
158,Consumer good prices to rise by 5% post new packaging norms,https://www.moneycontrol.com/news/business/cnbc-tv18-comments/-1849133.html
159,MOST expects steady qtr for consumer sector; 18% PAT growth,https://www.moneycontrol.com/news/business/earnings/-1991465.html
160,"Stocks in news: HDFC, DCHL, Videocon, Britannia, KFA, M&M",https://www.moneycontrol.com/news/business/stocks/-1860541.html
161,What is fuelling the FMCG rally?,https://www.moneycontrol.com/news/business/personal-finance/-1962157.html
162,"Stocks in news: Rel Power, Gujarat NRE, Aban Off, Britannia",https://www.moneycontrol.com/news/business/stocks/-1994265.html
163,Madras HC rules in Britannia's favour in case against GSK,https://www.moneycontrol.com/news/business/companies/-1995919.html
164,Foreign investors hiked stake in FMCG cos in Apr-Jun,https://www.moneycontrol.com/news/business/markets/-1104369.html
165,Weak monsoon threatens to wash out FMCG growth,https://www.moneycontrol.com/news/business/cnbc-tv18-comments/-1123373.html
166,Margins improving; rains to boost performance: Britannia,https://www.moneycontrol.com/news/business/earnings/-1131195.html
167,See consumer demand grow by 11-13% in FY13: Britannia,https://www.moneycontrol.com/news/business/companies/-1372749.html
168,FIIs raise stake in big FMCG stocks in Jan-Mar,https://www.moneycontrol.com/news/business/markets/-1707087.html
169,Amendments to packaging norms a breather: PLilladher,https://www.moneycontrol.com/news/business/stocks/-1710433.html
170,Britannia Q4 up 2.61% at Rs 53 cr,https://www.moneycontrol.com/news/business/earnings/-1807255.html
171,What is fuelling growth in FMCG companies?,https://www.moneycontrol.com/news/business/markets/-1931045.html
172,The real benefits of capitalism,https://www.moneycontrol.com/news/trends/features/-1877141.html
173,Britannia eyes bigger mkt share in health food segment,https://www.moneycontrol.com/news/business/cnbc-tv18-comments/-1972101.html
174,"Bombay Realty, Britannia in JV for expansion: Jeh Wadia",https://www.moneycontrol.com/news/business/companies/-1953971.html
175,Bombay Realty plans to reduce debt in 3-5 yrs: Wadia,https://www.moneycontrol.com/news/business/companies/-1979609.html
176,"Bull's Eye: Buy Dena Bank, Andhra Bank, HDIL, Britannia",https://www.moneycontrol.com/news/business/stocks/-1981219.html
177,Britannia-Bombay Realty JV to unlock value from B'lore HQ,https://www.moneycontrol.com/news/business/cnbc-tv18-comments/-2030127.html
178,"Britannia, Godrej Consumer look good: Salil Sharma",https://www.moneycontrol.com/news/business/stocks/-1883805.html
179,Standard pack size execution to ease pricing flexibility,https://www.moneycontrol.com/news/business/stocks/-1848827.html
180,Britannia's layoff numbers exaggerated: Vinita Bali,https://www.moneycontrol.com/news/business/companies/-1948157.html
181,"Pepsi, Britannia eat into snack market; target health fans",https://www.moneycontrol.com/news/business/cnbc-tv18-comments/-2001209.html
182,Consumer sector results preview for Q3FY12: MOST,https://www.moneycontrol.com/news/business/earnings/-1988503.html
183,"Stocks in news: Kingfisher, Britannia, Sesa Goa, NMDC",https://www.moneycontrol.com/news/business/stocks/-1166781.html
184,"New packaging norm to have adverse impact on Britannia, HUL",https://www.moneycontrol.com/news/business/stocks/-1187129.html
185,"Stocks in news: Sesa Goa, Britannia, UTV Soft, Moser Baer",https://www.moneycontrol.com/news/business/stocks/-1220135.html
186,Buy Bombay Burmah around Rs 380-420: Tater,https://www.moneycontrol.com/news/business/stocks/-1262023.html
187,"Tater's multibaggers: Bombay Burmah, Bharat Bijlee",https://www.moneycontrol.com/news/business/markets/-1260801.html
188,"Oreo eats into market share of Britannia, Parle, ITC",https://www.moneycontrol.com/news/business/cnbc-tv18-comments/-1328993.html
189,"TRAI guidelines: Subscribers gain, telemarketers in pain",https://www.moneycontrol.com/news/trends/special-videos-trends/-1405819.html
190,"Leadership Awards: Cos must adapt, evolve to changes in biz",https://www.moneycontrol.com/news/trends/special-videos-trends/-1970103.html
191,Britannia Sept qtr PAT seen up 41% at Rs 47cr: KRChoksey,https://www.moneycontrol.com/news/business/earnings/-2124383.html
192,See robust growth in urban and rural India: Britannia,https://www.moneycontrol.com/news/business/companies/-2066837.html
193,"FMCG margins crimped, sales momentum to continue in Q1",https://www.moneycontrol.com/news/business/earnings/-2110173.html
194,Britannia Jun qtr PAT seen up 37.7% at Rs 45.2cr: Angel,https://www.moneycontrol.com/news/business/earnings/-2124599.html
195,Danone to go slow on India expandion; focus on metros,https://www.moneycontrol.com/news/business/companies/-2132721.html
196,Big fight over cookies is not worrying Britannia,https://www.moneycontrol.com/news/business/companies/-2088495.html
197,Buy Britannia; target of Rs 495: Angel Broking,https://www.moneycontrol.com/news/business/stocks/-2118729.html
198,Check out: Stock that lost over 25% in three days,https://www.moneycontrol.com/news/business/markets/-2067629.html
199,"Storyboard completes a decade, witnessed growing brands",https://www.moneycontrol.com/news/trends/special-videos-trends/-2068615.html
200,"Cadbury milks Kraft's expertise, joins cookie war via Oreo",https://www.moneycontrol.com/news/business/companies/-1132483.html
201,Why does Rajesh Jain pick Tata Steel over Sesa Goa?,https://www.moneycontrol.com/news/business/markets/-1138845.html
202,"Britannia Dec '10 sales at Rs 1,082.86 crore",https://www.moneycontrol.com/news/business/earnings/-1186997.html
