headline_text,Sentiment
Status quo will not be disturbed at Ayodhya; says Vajpayee,Positive
Fissures in Hurriyat over Pak visit,Positive
America's unwanted heading for India?,Positive
For bigwigs; it is destination Goa,Positive
Extra buses to clear tourist traffic,Positive
Dilute the power of transfers; says Riberio,Positive
Focus shifts to teaching of Hindi,Positive
IT will become compulsory in schools,Positive
Move to stop freedom fighters' pension flayed,Positive
Gilani claims he applied for passport 2 years ago,Positive
Parivar dismisses PM's warning,Positive
India; Pak exchange lists of N-plants,Positive
Will Qureshi's return really help the govt?,Positive
PM's tacit message: Put Ram tample on hold,Positive
Text of the Prime Minister's article,Positive
NCW to focus on violence against women,Positive
BBC's reality TV will focus on AIIMS,Positive
Jaitley firm on legal reforms,Positive
Hoshangabad farmers have enough water,Positive
BJP jumps into rail track conversion issue,Positive
America's unwanted heading for India?,Positive
State may take AP to court over Krishna,Positive
This official has sued the briber,Positive
Park turns temple compound as residents watch,Positive
Moves afoot to evict squatters in Urban dist,Positive
Mafia calls the shots in Gandhinagar too,Positive
Status quo will not be disturbed at Ayodhya; says Vajpayee,Positive
Fissures in Hurriyat over Pak visit,Positive
America's unwanted heading for India?,Positive
For bigwigs; it is destination Goa,Positive
Extra buses to clear tourist traffic,Positive
Dilute the power of transfers; says Riberio,Positive
Focus shifts to teaching of Hindi,Positive
IT will become compulsory in schools,Positive
Move to stop freedom fighters' pension flayed,Positive
Gilani claims he applied for passport 2 years ago,Positive
Parivar dismisses PM's warning,Positive
India; Pak exchange lists of N-plants,Positive
Will Qureshi's return really help the govt?,Positive
PM's tacit message: Put Ram tample on hold,Positive
Text of the Prime Minister's article,Positive
NCW to focus on violence against women,Positive
BBC's reality TV will focus on AIIMS,Positive
Jaitley firm on legal reforms,Positive
Hoshangabad farmers have enough water,Positive
BJP jumps into rail track conversion issue,Positive
America's unwanted heading for India?,Positive
State may take AP to court over Krishna,Positive
This official has sued the briber,Positive
Park turns temple compound as residents watch,Positive
Moves afoot to evict squatters in Urban dist,Positive
Mafia calls the shots in Gandhinagar too,Positive
Come to Nandi Hills...and you can fly,Positive
HAL approached for super jumbo project,Positive
Nagathihalli returns with Preethiya Hudugi,Positive
Fashion in the future,Positive
Promises to keep,Positive
Home is where the holistic science is,Positive
A noisy effort to spruce up Commercial Street,Positive
The best music of the year,Positive
Redemption night; amid some rock,Positive
Consul is back from month-long leave,Positive
Bomb hoax triggers panic in Canara Bank,Positive
Petition over ministers' assets dismissed,Positive
He beat polio; but a truck driver's is no life,Positive
Destroying myths and doubts on sexuality,Positive
Planning Dept seeks Rs 350 crore more,Positive
More engg colleges if needed in state: Govt,Positive
Auto driver's murder: 4 held,Positive
Meet held on cashew crop forecasting,Positive
Awareness rally on AIDS today,Positive
Record power generation at RTPS,Positive
Move to stop freedom fighters' pension flayed,Positive
Snags delay digital maps of city,Positive
Making education a people's movement,Positive
Murder spoils 2001 party in Dharwad,Positive
Now a website on a seer,Positive
Akki-Alur and Ranebennur peaceful,Positive
Weekly editor resorts to hunger strike,Positive
Bickering cost Dal(S) seats; admits Gowda,Positive
BJP to block traffic statewide on Jan 6,Positive
Dr Patwardhan to be felicitated,Positive
Lingambudhi will be turned into bird sanctuary,Positive
Cactus which made it to Guinness is dying,Positive
VIPs suffer as power supply is stopped to govt guest houses,Positive
Raju Chacha,Positive
Powerless north India gropes in the dark,Positive
Think again; Laxman tells Sangh Parivar,Positive
Hurriyat undecided over team to Pakistan,Positive
Vajpayee wants to put reforms on fast track,Positive
Stephen Hawking keeps date with Mumbai,Positive
Anti-Hrithik or anti-hopelessness,Positive
Govt plans stadium near Panaji,Positive
BJP doing a volte face on casinos: Cong,Positive
3 watershed projects on the anvil,Positive
No report yet on fire in Udyog Bhavan,Positive
He is the king of 'five star' industry,Positive
Petrol pump sealed for selling adulterated fuel,Positive
Milk price up by Rs 1 per litre,Positive
Congress House is no-smoking zone,Positive
Rural weightage: Govt reassures Governor,Positive
Bride gets honeymoon surprise: Chopper ride,Positive
Is hangover a sign of alcoholicism?,Positive
Almatti: AP to wait and watch,Positive
10-year-old girl missing,Positive
Hear his messages from the heart,Positive
Dance like no one's watching,Positive
From reel love to real love,Positive
Power row: Bribe attempt charge denied,Positive
Lakshamma's cry for help heard,Positive
It's shopping time for your newborn,Positive
Con games on the catwalk,Positive
They are here to help us,Positive
These noisy spots are hurting your ears,Positive
Flat tyres; flat music and a few famous faces,Positive
Yogananda birth anniversary fete on Dec 5,Positive
Tumkur gets 243 borewells,Positive
Over 2000 workers hit by lockout,Positive
Child project officer held for fraud,Positive
BCC holds talks on budget,Positive
Skybus metro trains on agenda,Positive
A disciple awaits a miracle from his Goddess,Positive
TOI scribe among Press Academy awardees,Positive
Talent Search exams on April 29,Positive
Ban orders extended in Ranebennur,Positive
Army turns to HAL for Lancer supply,Positive
'Devdas': Jinxed?,Positive
The string that pulled Stephen Hawking to India,Positive
Vajpayee gives big push to tech education; R&D,Positive
Norms for private role in banking tightened,Positive
A Maha Kumbh of media players,Positive
Net lottery: A winner or a sucker?,Positive
Us and the PM's Musings,Positive
Milosevic to be charged with 'abuse of office',Positive
Tabu: Bar Bar Dekho,Positive
Anupam Kher: Sliver Spoon!,Positive
Aftab Shivdasani: Career Cares!,Positive
Court reserves judgment on custody of Ilyasi's daughter,Positive
A museum far from the madding crowds,Positive
Bangla Oppn leader issues 'fatwa' against judges,Positive
Hawking set to inspire science glitterati,Positive
Mission for technology education; more funds for R&D,Positive
Mental illness can pass from parent to child,Positive
Cholera outbreak source traced,Positive
Mathematics permeates human civilisation,Positive
Bangla Oppn leader issues 'fatwa' against judges,Positive
Bangladesh govt asks for Hamoodur Rahman report,Positive
Bangladesh 'scrutinising' citizen's death in US embassy,Positive
Claire Danes inks to star in 'It's About Love',Positive
Hollywood posts record 9th year of box office gains,Positive
Akashdeep: Ghaath Ka Saath!,Positive
Great loss to Indian racing,Positive
The saga of Usha Stud Farm,Positive
Red Radior wins Victory Zone Cup,Positive
Race put off,Positive
Cyril sends Byron Black packing,Positive
Dent has the fastest serve in Chennai meet,Positive
Basu gives call to stop infighting,Positive
Violence mar Mamata's meeting in Midnapore,Positive
